Type,Name,Request Count,Failure Count,Median Response Time,Average Response Time,Min Response Time,Max Response Time,Average Content Size,Requests/s,Failures/s,50%,66%,75%,80%,90%,95%,98%,99%,99.9%,99.99%,100%
POST,/v1/models/resnet:predict,41339,0,1700.0,2579.7330759209403,214.49336409568787,14397.465728223324,5035.0,138.89312756862435,0.0,1700,2600,3300,4000,6400,8100,9800,11000,13000,14000,14000
,Aggregated,41339,0,1700.0,2579.7330759209403,214.49336409568787,14397.465728223324,5035.0,138.89312756862435,0.0,1700,2600,3300,4000,6400,8100,9800,11000,13000,14000,14000
